{"cameraMode":{"drawMode":0,"name":"Shaded","section":"Shading Mode"},"sceneLighting":false,"audioPlay":false,"sceneViewState":{"m_AlwaysRefresh":false,"showFog":true,"showSkybox":false,"showFlares":true,"showImageEffects":true,"showParticleSystems":true,"showVisualEffectGraphs":true,"m_FxEnabled":true},"in2DMode":false,"pivot":{"x":0.30666863918304446,"y":0.29399487376213076,"z":-0.00315248966217041},"rotation":{"x":0.0003259556833654642,"y":0.999657928943634,"z":-0.021305523812770845,"w":0.015297039411962033},"size":2.263801097869873,"orthographic":false}