{"cameraMode":{"drawMode":0,"name":"Shaded","section":"Shading Mode"},"sceneLighting":true,"audioPlay":false,"sceneViewState":{"m_AlwaysRefresh":false,"showFog":true,"showSkybox":true,"showFlares":true,"showImageEffects":true,"showParticleSystems":true,"showVisualEffectGraphs":true,"m_FxEnabled":true},"in2DMode":false,"pivot":{"x":-2.5949366092681886,"y":4.1967010498046879,"z":-5.0398430824279789},"rotation":{"x":0.004190503619611263,"y":0.003911967854946852,"z":0.000016838599549373612,"w":-0.999987006187439},"size":0.5797852277755737,"orthographic":false}